{
  "ie": {
    "6": 0,
    "7": 0.024654415376537942,
    "8": 0.03393740409300878,
    "9": 0.6537554199312157,
    "10": 0.10485643125082449,
    "11": 5.242445733038532,
    "5.5": 0
  },
  "edge": {
    "12": 0.06167362139161397,
    "13": 0.018490811532403457,
    "14": 0.3700417283496838,
    "15": 0.16032886584803485,
    "16": 0.570509185085131,
    "17": 6.3680175106481895,
    "18": 1.8717436722526206
  },
  "firefox": {
    "2": 0,
    "3": 0,
    "4": 0,
    "5": 0,
    "6": 0,
    "7": 0,
    "8": 0,
    "9": 0,
    "10": 0,
    "11": 0,
    "12": 0,
    "13": 0.0030818019220672428,
    "14": 0,
    "15": 0.009245405766201729,
    "16": 0.0030818019220672428,
    "17": 0,
    "18": 0.0030818019220672428,
    "19": 0,
    "20": 0.0030818019220672428,
    "21": 0,
    "22": 0,
    "23": 0.012327207688268971,
    "24": 0,
    "25": 0,
    "26": 0.0061636038441344855,
    "27": 0,
    "28": 0,
    "29": 0.0061636038441344855,
    "30": 0.018490811532403457,
    "31": 0.0061636038441344855,
    "32": 0.0061636038441344855,
    "33": 0.0030818019220672428,
    "34": 0.015409009610336212,
    "35": 0,
    "36": 0.0030818019220672428,
    "37": 0.012327207688268971,
    "38": 0.0061636038441344855,
    "39": 0,
    "40": 0,
    "41": 0,
    "42": 0.009245405766201729,
    "43": 0.04318280985921051,
    "44": 0.018490811532403457,
    "45": 0,
    "46": 0,
    "47": 0.018490811532403457,
    "48": 0.055472434597210366,
    "49": 0.0061636038441344855,
    "50": 0.012327207688268971,
    "51": 0.0030818019220672428,
    "52": 0.42555174589716327,
    "53": 0.0030818019220672428,
    "54": 0.0061636038441344855,
    "55": 0,
    "56": 0.024654415376537942,
    "57": 0.05551001754747949,
    "58": 0.0061636038441344855,
    "59": 0.021572613454470698,
    "60": 0.669164429541552,
    "61": 0.07708263100195017,
    "62": 0.06779964228547934,
    "63": 0.2127570814734471,
    "64": 2.442365606188559,
    "65": 3.5185533871446015,
    "66": 0.669202012491821,
    "67": 0.0061636038441344855,
    "68": 0,
    "3.5": 0,
    "3.6": 0.0030818019220672428
  },
  "chrome": {
    "4": 0,
    "5": 0,
    "6": 0,
    "7": 0,
    "8": 0,
    "9": 0,
    "10": 0,
    "11": 0,
    "12": 0,
    "13": 0.0061636038441344855,
    "14": 0,
    "15": 0,
    "16": 0,
    "17": 0,
    "18": 0.0030818019220672428,
    "19": 0,
    "20": 0,
    "21": 0,
    "22": 0,
    "23": 0,
    "24": 0.015409009610336212,
    "25": 0,
    "26": 0,
    "27": 0,
    "28": 0,
    "29": 0,
    "30": 0.0030818019220672428,
    "31": 0.021572613454470698,
    "32": 0.018490811532403457,
    "33": 0.012327207688268971,
    "34": 0,
    "35": 0,
    "36": 0.015409009610336212,
    "37": 0,
    "38": 0.021572613454470698,
    "39": 0.0030818019220672428,
    "40": 0.08324623484608466,
    "41": 0.0061636038441344855,
    "42": 0,
    "43": 0.2282036740340524,
    "44": 0.012327207688268971,
    "45": 0.027736217298605183,
    "46": 0,
    "47": 0.021572613454470698,
    "48": 0.030818019220672423,
    "49": 0.19731048891284175,
    "50": 0.0030818019220672428,
    "51": 0.012327207688268971,
    "52": 0.009245405766201729,
    "53": 0.0061636038441344855,
    "54": 0.009245405766201729,
    "55": 0.4224699439750961,
    "56": 0.1141018370170262,
    "57": 0.07088144420754658,
    "58": 0.31757592977400245,
    "59": 0.0061636038441344855,
    "60": 0.1418380543156314,
    "61": 0.05855423651927761,
    "62": 0.10481884830055535,
    "63": 2.58717271357545,
    "64": 0.25902169325472485,
    "65": 0.0863280367681519,
    "66": 0.16957427161423658,
    "67": 0.545817186758324,
    "68": 0.5550250095742565,
    "69": 0.48098659754410455,
    "70": 1.7638806049802673,
    "71": 18.172709441325686,
    "72": 21.01901659700667,
    "73": 2.7660299739061576,
    "74": 0.10478126535028624,
    "75": 0.036981623064806915,
    "76": 0
  },
  "safari": {
    "4": 0,
    "5": 0,
    "6": 0,
    "7": 0,
    "8": 0,
    "9": 0.0030818019220672428,
    "10": 0.009245405766201729,
    "11": 0.08320865189581556,
    "12": 3.265657714783742,
    "3.1": 0,
    "3.2": 0,
    "5.1": 0.058591819469546724,
    "6.1": 0,
    "7.1": 0,
    "9.1": 0.09561102548462275,
    "10.1": 0.28987729542566637,
    "11.1": 0.4625333689619702,
    "12.1": 0.0030818019220672428,
    "TP": 0
  },
  "opera": {
    "9": 0,
    "11": 0,
    "12": 0,
    "15": 0,
    "16": 0,
    "17": 0,
    "18": 0,
    "19": 0,
    "20": 0,
    "21": 0,
    "22": 0,
    "23": 0,
    "24": 0,
    "25": 0,
    "26": 0,
    "27": 0,
    "28": 0,
    "29": 0,
    "30": 0,
    "31": 0,
    "32": 0,
    "33": 0,
    "34": 0,
    "35": 0,
    "36": 0.012327207688268971,
    "37": 0,
    "38": 0,
    "39": 0,
    "40": 0,
    "41": 0,
    "42": 0,
    "43": 0,
    "44": 0,
    "45": 0,
    "46": 0,
    "47": 0,
    "48": 0,
    "49": 0,
    "50": 0,
    "51": 0,
    "52": 0,
    "53": 0.0061636038441344855,
    "54": 0.0030818019220672428,
    "55": 0,
    "56": 0.012327207688268971,
    "57": 0.2528205064603212,
    "58": 0.4131493723083561,
    "9.5-9.6": 0,
    "10.0-10.1": 0,
    "10.5": 0,
    "10.6": 0,
    "11.1": 0,
    "11.5": 0,
    "11.6": 0,
    "12.1": 0
  },
  "ios_saf": {
    "8": 0.0030818019220672428,
    "3.2": 0,
    "4.0-4.1": 0,
    "4.2-4.3": 0.0030818019220672428,
    "5.0-5.1": 0.0061636038441344855,
    "6.0-6.1": 0.0030818019220672428,
    "7.0-7.1": 0.0061636038441344855,
    "8.1-8.4": 1.6991627646168552,
    "9.0-9.2": 0.0030818019220672428,
    "9.3": 0.14491985623769865,
    "10.0-10.2": 0.348431531944944,
    "10.3": 0.13875625239356412,
    "11.0-11.2": 0.336104324256675,
    "11.3-11.4": 0.38545073796002005,
    "12.0-12.1": 3.6603914414602325,
    "12.2": 0.0030818019220672428
  },
  "op_mini": {
    "all": 0.3144565449016661
  },
  "android": {
    "3": 0,
    "4": 0.0030818019220672428,
    "67": 0.8447519731988465,
    "2.1": 0,
    "2.2": 0,
    "2.3": 0.0061636038441344855,
    "4.1": 0.012327207688268971,
    "4.2-4.3": 0.024654415376537942,
    "4.4": 0.012327207688268971,
    "4.4.3-4.4.4": 0
  },
  "bb": {
    "7": 0.0030818019220672428,
    "10": 0
  },
  "op_mob": {
    "10": 0.04803101044392605,
    "11": 0.04803101044392605,
    "12": 0.04803101044392605,
    "46": 0.04803101044392605,
    "11.1": 0.04803101044392605,
    "11.5": 0.04803101044392605,
    "12.1": 0.04803101044392605
  },
  "and_chr": {
    "71": 9.709818282677153
  },
  "and_ff": {
    "64": 0.08320865189581556
  },
  "ie_mob": {
    "10": 0,
    "11": 0
  },
  "and_uc": {
    "11.8": 1.0481509000552847
  },
  "samsung": {
    "4": 0,
    "5.0-5.4": 0,
    "6.2-6.4": 0,
    "7.2-7.4": 0,
    "8.2": 0
  },
  "and_qq": {
    "1.2": 0
  },
  "baidu": {
    "7.12": 0
  }
}
